epoch,acc,loss,val_acc,val_loss
0,0.7966964199543,0.5853103146553039,0.7845950250612025,0.6227500829261932
1,0.8079464204311371,0.5485745025277138,0.8037240457670641,0.5967619978634381
